Judul,Harga,Lokasi,Link
Apartemen Dijual di Penjaringan,Rp 1M,"RW 10, Pluit, Penjaringan, Jakarta Utara, Daerah Khusus Ibukota Jakarta",https://www.lamudi.co.id/properti/41032-73-695f549d5f73-686c-19dee36-83d2-7bc3
Apartemen Dijual di Kenari,Rp 750Jt,"RW 06, Kenari, Senen, Jakarta Pusat, Daerah Khusus Ibukota Jakarta",https://www.lamudi.co.id/properti/41032-73-854760e6795b-b6ec-19d8b77-a7c9-7eec
Apartemen Dijual di Kenari,"Rp 1,25M","RW 06, Kenari, Senen, Jakarta Pusat, Daerah Khusus Ibukota Jakarta",https://www.lamudi.co.id/properti/41032-73-b47bb46104ca-61cf-19aed35-be41-79b9
Apartemen Dijual di Cengkareng,Rp 150Jt,"RW 14, Cengkareng Timur, Cengkareng, Jakarta Barat, Daerah Khusus Ibukota Jakarta",https://www.lamudi.co.id/properti/41032-73-da604eb1239e-38f6-19dd833-a859-7e4c
Apartemen Dijual di Bumi Serpong Damai,Rp 850Jt,"BSD Sunburst CBD, Babakan, BSD City, Serpong, Tangerang Selatan, Banten",https://www.lamudi.co.id/properti/41032-73-6be7ebe742b9-f7a5-19caec7-8d35-7227
Apartemen Dijual di Malang,Rp 310Jt,"05, Kel Penanggungan, Kec Klojen, Kota Malang, Ketawanggede, Kota Malang, Lowokwaru, Jawa Timur",https://www.lamudi.co.id/properti/41032-73-93d565093d97-c416-19ecfb1-8563-7223
Apartemen Dijual di Kelapa Dua,Rp 550Jt,"Lippo Village, Kelapa Dua, Kelapa Dua, Kabupaten Tangerang, Banten",https://www.lamudi.co.id/properti/41032-73-7174e52824d1-9da7-19def0d-aae1-70ad
Apartemen Dijual di Kalideres,"Rp 1,90M","RW 05, Tegal Alur, Kalideres, Jakarta Barat, Daerah Khusus Ibukota Jakarta",https://www.lamudi.co.id/properti/41032-73-9f883dea5410-1fd3-19e6cfd-99f2-7ea1
Apartemen Dijual di Kalideres,"Rp 1,90M","RW 05, Tegal Alur, Kalideres, Jakarta Barat, Daerah Khusus Ibukota Jakarta",https://www.lamudi.co.id/properti/41032-73-1d3e5207ecf4-d80c-19d8518-a3d8-7cf3
Apartemen Dijual di Petamburan,"Rp 1,25M","RW 07, Petamburan, Tanah Abang, Jakarta Pusat, Daerah Khusus Ibukota Jakarta",https://www.lamudi.co.id/jual/jakarta/jakarta-pusat/apartemen-di-pusat-kota-dilalui-trans-jakarta-172078065551/
Apartemen Dijual di Sukoharjo,"Rp 1,90M","Gadingan, Sukoharjo, Jawa Tengah",https://www.lamudi.co.id/properti/41032-73-269ae1922c26-b9c5-19b0373-9041-7ce7
Apartemen Dijual di Kalideres,"Rp 1,70M","RW 05, Tegal Alur, Kalideres, Jakarta Barat, Daerah Khusus Ibukota Jakarta",https://www.lamudi.co.id/properti/41032-73-d84cdc8ac4c-86ec-19eace6-9fbe-7778
Apartemen Dijual di Wonocolo,Rp 160Jt,"Perumahan Margorejo Indah, RW 04, Sidosermo, Wonocolo, Surabaya, Jawa Timur",https://www.lamudi.co.id/properti/41032-73-f34fb8782e87-3558-19e48d9-8256-73ba
Apartemen Dijual di Pulo Gadung,Rp 300Jt,"RW 02, Pulo Gadung, Pulo Gadung, Jakarta Timur, Daerah Khusus Ibukota Jakarta",https://www.lamudi.co.id/properti/41032-73-833bdaf63b21-930c-19efe6e-af44-735b
Apartemen Dijual di Ngagel,"Rp 1,20M","RW 02, Ngagel, Wonokromo, Surabaya, Jawa Timur",https://www.lamudi.co.id/properti/41032-73-d44f77c12c7d-7df7-19f1c1a-b3f5-74a6
Apartemen Dijual di Bumi Serpong Damai,"Rp 1,30M","BSD City, Sampora, Cisauk, Kabupaten Tangerang, Banten",https://www.lamudi.co.id/properti/41032-73-986f4ab52c89-a15e-19c4346-a0c7-7571
Apartemen Dijual di Mulyorejo,Rp 975Jt,"Pakuwon City, RW 03, Kejawen Putih Tambak, Mulyorejo, Surabaya, Jawa Timur",https://www.lamudi.co.id/properti/41032-73-ca7345b98dd0-f69a-19e1afa-8862-7671
Apartemen Dijual di Gading Serpong,Rp 550Jt,"Gading Serpong, Pakulonan Barat, Kelapa Dua, Kabupaten Tangerang, Banten",https://www.lamudi.co.id/properti/41032-73-a90adfc99bac-554e-19a7118-8b0d-77e8
Apartemen Dijual di Tanah Sareal,Rp 915Jt,"Kencana, Tanah Sareal, Bogor, Jawa Barat",https://www.lamudi.co.id/jual/jawa-barat/bogor/dijual-murah-over-credit-190jt-174671378480/
Kondominium Dijual di Cengkareng,"Rp 2,95M","RW 13, Cengkareng Barat, Cengkareng, Jakarta Barat, Daerah Khusus Ibukota Jakarta",https://www.lamudi.co.id/properti/41032-73-51ee63b36650-bac0-19d9a62-9d8e-773c
Apartemen Dijual di Bintaro,Rp 420Jt,"Sektor 3A, Bintaro Jaya, Pondok Aren, Tangerang Selatan, Banten",https://www.lamudi.co.id/properti/41032-73-bdfa53f0a45f-3830-19bb00f-9276-7c57
Apartemen Dijual di Cikokol,"Rp 2,48M","RW 02, Cikoko, Pancoran, Jakarta Selatan, Daerah Khusus Ibukota Jakarta",https://www.lamudi.co.id/jual/jakarta/jakarta-selatan/apartemen-multi-fungsi-yg-dpt-digunakan-sebagai-ka-171807231912/
Apartemen Dijual di Duri Kepa,Rp 500Jt,"RW 03, Duri Kepa, Kebon Jeruk, Jakarta Barat, Daerah Khusus Ibukota Jakarta",https://www.lamudi.co.id/jual/jakarta/jakarta-barat/apartemen-exlucive-di-pusat-bisnis-jakarta-barat-d-171920147141/
Apartemen Dijual di Bumi Serpong Damai,Rp 305Jt,"BSD City, Sampora, Cisauk, Kabupaten Tangerang, Banten",https://www.lamudi.co.id/jual/banten/tangerang-selatan/type-studio-1-ac-furnish-cash-ppjb-172987269268/
Apartemen Dijual di Citraland,Rp 450Jt,"Pakuwon Indah, RW 06, Lidah Wetan, Lakarsantri, Surabaya, Jawa Timur",https://www.lamudi.co.id/properti/41032-73-d06d13833321-621e-19e1ca1-81f4-724d
Apartemen Dijual di Grogol Petamburan,"Rp 2,50M","RW 06, Tanjung Duren Selatan, Grogol Petamburan, Jakarta Barat, Daerah Khusus Ibukota Jakarta",https://www.lamudi.co.id/properti/41032-73-cecd6c04ae97-e6a7-19ba112-a8d5-7862
Apartemen Dijual di Gondomanan,Rp 650Jt,"Prawirodirjan, Gondomanan, Kota Yogyakarta, Depok, Daerah Istimewa Yogyakarta",https://www.lamudi.co.id/properti/41032-73-5dd9a2b5cab8-b3a1-19e8bf1-9d25-7426
Apartemen Dijual di Bintaro,"Rp 2,20M","RW 03, Bintaro, Pesanggrahan, Jakarta Selatan, Daerah Khusus Ibukota Jakarta",https://www.lamudi.co.id/properti/41032-73-b1150b77c132-ec7-199b8aa-a82d-77b5
Apartemen Dijual di Alam Sutera,Rp 2,"Alam Sutera, Pinang, Tangerang, Banten",https://www.lamudi.co.id/properti/41032-73-8fbeee3b7173-b3de-19ba0fa-93ab-7a95
Apartemen Dijual di Karet Kuningan,Rp 950Jt,"RW 04, Karet Kuningan, Setiabudi, Jakarta Selatan, Daerah Khusus Ibukota Jakarta",https://www.lamudi.co.id/jual/jakarta/jakarta-selatan/apartemen-tamansari-semanggi-175757550248/
Apartemen Dijual di Ancol,Rp 950Jt,"RW 10, Ancol, Pademangan, Jakarta Utara, Daerah Khusus Ibukota Jakarta",https://www.lamudi.co.id/jual/jakarta/jakarta-utara/jual-apt-ancol-mansion-furnish-174668004074/
Apartemen Dijual di Grogol Petamburan,Rp 950Jt,"RW 06, Tanjung Duren Selatan, Grogol Petamburan, Jakarta Barat, Daerah Khusus Ibukota Jakarta",https://www.lamudi.co.id/jual/jakarta/jakarta-barat/jual-cepat-apartemen-di-madison-park-kawasan-centr-175371938238/
Apartemen Dijual di Karawangpawitan,Rp 270Jt,"Sukamulya, Karawang, Jawa Barat",https://www.lamudi.co.id/jual/jawa-barat/karawang/dijual-view-pool-apartemen-the-enviro-cikarang-173699817334/
Apartemen Dijual di Bangka,"Rp 3,75M","RW 05, Bangka, Mampang Prapatan, Jakarta Selatan, Daerah Khusus Ibukota Jakarta",https://www.lamudi.co.id/jual/jakarta/jakarta-selatan/di-jual-murah-apartement-residence-8-senopati-2-br-171887975566/
Apartemen Dijual di Babakan Ciamis,"Rp 1,30M","Babakan Ciamis, Sumur Bandung, Kota Bandung, Jawa Barat",https://www.lamudi.co.id/properti/41032-73-e4da453a1722-111f-199bd1a-a527-755f
Apartemen Dijual di Bumi Serpong Damai,Rp 395Jt,"BSD City, Pagedangan, Pagedangan, Kabupaten Tangerang, Banten",https://www.lamudi.co.id/properti/41032-73-8e505c81dcad-2f73-19e8241-8842-76c2
Apartemen Dijual di Curug,Rp 350Jt,"Curug Kulon, Curug, Kabupaten Tangerang, Banten",https://www.lamudi.co.id/jual/banten/tangerang/apartemen-studio-majestic-point-serpong-175690753117/
Apartemen Dijual di Arcamanik,Rp 450Jt,"Cisaranten Kulon, Arcamanik, Kota Bandung, Jawa Barat",https://www.lamudi.co.id/jual/jawa-barat/bandung/jual-murah-2-bed-room-furnish-175443101323/
Apartemen Dijual di Kebayoran Lama,"Rp 3,85M","Gandaria City, Kebayoran Lama Utara, Kebayoran Lama, Jakarta Selatan, Daerah Khusus Ibukota Jakarta",https://www.lamudi.co.id/properti/41032-73-7d0e31210eac-9b2-1999988-b962-768c
Kondominium Dijual di Kebayoran Lama,"Rp 2,20M","RW 05, Kebayoran Lama Utara, Kebayoran Lama, Jakarta Selatan, Daerah Khusus Ibukota Jakarta",https://www.lamudi.co.id/jual/jakarta/jakarta-selatan/for-sale-apartemen-1-park-residence-gandaria-jakar-169693000112/
Apartemen Dijual di Bumi Serpong Damai,Rp 550Jt,"BSD City, Pagedangan, Pagedangan, Kabupaten Tangerang, Banten",https://www.lamudi.co.id/properti/41032-73-b25e7bb3f742-7b2e-19eb0cc-833d-74f0
Apartemen Dijual di Kebayoran Lama,"Rp 5,20M","RW 01, Kebayoran Lama Utara, Kebayoran Lama, Jakarta Selatan, Daerah Khusus Ibukota Jakarta",https://www.lamudi.co.id/properti/41032-73-32e1949ff0c5-a111-19e9920-8c4d-7e42
Apartemen Dijual di Kelapa Dua,Rp 475Jt,"Lippo Village, Kelapa Dua, Kelapa Dua, Kabupaten Tangerang, Banten",https://www.lamudi.co.id/properti/41032-73-a52596f3cb6f-13fe-19eb0da-b8ad-7b04
Apartemen Dijual di Badung,"Rp 1,80M","Jimbaran, Kuta Selatan, Badung, Bali",https://www.lamudi.co.id/properti/41032-73-5c0869fb42d2-4555-19e2582-a71e-7734
Apartemen Dijual di Petamburan,"Rp 2,90M","RW 07, Petamburan, Tanah Abang, Jakarta Pusat, Daerah Khusus Ibukota Jakarta",https://www.lamudi.co.id/properti/41032-73-4a8bcb31cbd2-380e-19a9bd0-ac89-709d
Apartemen Dijual di Benoa,"Rp 1,40M","Nusa Dua, Benoa, Kuta Selatan, Badung, Bali",https://www.lamudi.co.id/jual/bali/badung/cozy-1-bedroom-modern-low-rise-apartment-with-priv-174970988223/
Apartemen Dijual di Lontar,Rp 400Jt,"RW 01, Lontar, Sambikerep, Surabaya, Jawa Timur",https://www.lamudi.co.id/properti/41032-73-e3d5ba5a806-e208-19f1c2f-a2a8-7cc4
Apartemen Dijual di Kosambi,Rp 520Jt,"Pantai Indah Kapuk 2, Salembaran Jati, Kosambi, Kabupaten Tangerang, Banten",https://www.lamudi.co.id/properti/41032-73-31c7b414be81-1dbb-19cd59b-826f-76c8
Apartemen Dijual di Karet Kuningan,"Rp 2,59M","RW 04, Karet Kuningan, Setiabudi, Jakarta Selatan, Daerah Khusus Ibukota Jakarta",https://www.lamudi.co.id/properti/41032-73-1dc708785f6e-b61f-199e70e-9a46-7309
Apartemen Dijual di Dukuh Sutorejo,"Rp 2,15M","RW 04, Dukuh Sutorejo, Mulyorejo, Surabaya, Jawa Timur",https://www.lamudi.co.id/properti/41032-73-c78cfe7008ce-f579-19f02fe-870d-70de
Apartemen Dijual di Mariso,Rp 700Jt,"Centre Point of Indonesia (CPI), Panambungan, Mariso, Makassar, Sulawesi Selatan",https://www.lamudi.co.id/properti/41032-73-fd1c73b74cbb-f944-19cb800-a3ac-75c2
Apartemen Dijual di Dukuh Sutorejo,Rp 210Jt,"RW 04, Dukuh Sutorejo, Mulyorejo, Surabaya, Jawa Timur",https://www.lamudi.co.id/properti/41032-73-f3ac18060274-6f4d-19f02fc-bcaa-7451
Apartemen Dijual di Citraland,Rp 760Jt,"Pakuwon Indah, RW 06, Lidah Wetan, Lakarsantri, Surabaya, Jawa Timur",https://www.lamudi.co.id/properti/41032-73-6878ec2c05bb-d917-19d0486-9542-7392
Apartemen Dijual di Citraland,"Rp 1,80M","Pakuwon Indah, RW 06, Lidah Wetan, Lakarsantri, Surabaya, Jawa Timur",https://www.lamudi.co.id/properti/41032-73-2c1fbb22a1e1-f693-19d09dc-84ca-7121
Apartemen Dijual di Citraland,"Rp 1,60M","Wisata Bukit Mas, RW 07, Lidah Wetan, Lakarsantri, Surabaya, Jawa Timur",https://www.lamudi.co.id/properti/41032-73-a8df25adacb7-e9c5-af8d898d-a74f-4a7d
Apartemen Dijual di Kedungdoro,"Rp 2,30M","RW 10, Kedungdoro, Tegalsari, Surabaya, Jawa Timur",https://www.lamudi.co.id/properti/41032-73-c4fcc6a9f709-c335-19d063c-b06b-7efb
Apartemen Dijual di Penjaringan,Rp 395Jt,"RW 10, Pluit, Penjaringan, Jakarta Utara, Daerah Khusus Ibukota Jakarta",https://www.lamudi.co.id/properti/41032-73-6097c91b6d32-e238-19e8745-941f-733d
Apartemen Dijual di Bumi Serpong Damai,Rp 350Jt,"BSD City, Sampora, Cisauk, Kabupaten Tangerang, Banten",https://www.lamudi.co.id/properti/41032-73-a976dc72fcae-f874-19ed48a-bd8c-725c
Apartemen Dijual di Penjaringan,Rp 235Jt,"RW 10, Pluit, Penjaringan, Jakarta Utara, Daerah Khusus Ibukota Jakarta",https://www.lamudi.co.id/properti/41032-73-1a662ef94812-c2f4-19c083c-8a14-7596
Apartemen Dijual di Benoa,"Rp 2,80M","Nusa Dua, Benoa, Kuta Selatan, Badung, Bali",https://www.lamudi.co.id/jual/bali/badung/stylish-2-bedroom-low-rise-apartment-fully-furnish-174970998210/
Apartemen Dijual di Citraland,Rp 700Rb,"Pakuwon Indah, RW 06, Lidah Wetan, Lakarsantri, Surabaya, Jawa Timur",https://www.lamudi.co.id/properti/41032-73-50429a95cede-9ecd-19e069f-8c92-7962
Apartemen Dijual di Gondangdia,"Rp 1,35M","RW 05, Gondangdia, Menteng, Jakarta Pusat, Daerah Khusus Ibukota Jakarta",https://www.lamudi.co.id/properti/41032-73-c54b3191f6ad-330b-d82223c-9a7c-4c51
Apartemen Dijual di Bintaro,Rp 525Jt,"Sektor 3A, Bintaro Jaya, Pondok Aren, Tangerang Selatan, Banten",https://www.lamudi.co.id/properti/41032-73-82c7f510c252-6a02-19c9fff-87da-70e9
Apartemen Dijual di Cikarang Selatan,Rp 750Jt,"Lippo Cikarang, Sukaresmi, Kab Bekasi, Jawa Barat",https://www.lamudi.co.id/properti/41032-73-a94299ec8ff5-4261-19ea5bf-bfe7-7275
Apartemen Dijual di Karet Kuningan,Rp 4M,"RW 07, Karet Kuningan, Setiabudi, Jakarta Selatan, Daerah Khusus Ibukota Jakarta",https://www.lamudi.co.id/properti/41032-73-9a912e708ac8-9b31-19d956c-b620-7efa
Apartemen Dijual di Cilandak,Rp 2M,"RW 09, Cilandak Barat, Cilandak, Jakarta Selatan, Daerah Khusus Ibukota Jakarta",https://www.lamudi.co.id/properti/41032-73-626e83fc194f-1e06-19e05ab-8c3d-7a29
Apartemen Dijual di Karet Kuningan,Rp 4M,"RW 04, Karet Kuningan, Setiabudi, Jakarta Selatan, Daerah Khusus Ibukota Jakarta",https://www.lamudi.co.id/properti/41032-73-8f156ecf5b9b-a12b-19d96f8-b0c9-7a6c
Apartemen Dijual di Karet Kuningan,Rp 4M,"RW 04, Karet Kuningan, Setiabudi, Jakarta Selatan, Daerah Khusus Ibukota Jakarta",https://www.lamudi.co.id/properti/41032-73-244776873849-f448-19d96f0-84df-7511
Apartemen Dijual di Karet Kuningan,Rp 4M,"RW 04, Karet Kuningan, Setiabudi, Jakarta Selatan, Daerah Khusus Ibukota Jakarta",https://www.lamudi.co.id/properti/41032-73-2fa197ff1290-c069-19d96e6-8e0f-73d2
Apartemen Dijual di Karet Kuningan,Rp 4M,"RW 04, Karet Kuningan, Setiabudi, Jakarta Selatan, Daerah Khusus Ibukota Jakarta",https://www.lamudi.co.id/properti/41032-73-143a24508ca2-601e-19d9594-861c-756a
Apartemen Dijual di Karet,"Rp 6,80M","RW 04, Karet, Setiabudi, Jakarta Selatan, Daerah Khusus Ibukota Jakarta",https://www.lamudi.co.id/properti/41032-73-d530f5623659-e505-f01bb4e8-ace4-4a7c
Apartemen Dijual di Pasar Minggu,Rp 550Jt,"RW 05, Pasar Minggu, Pasar Minggu, Jakarta Selatan, Daerah Khusus Ibukota Jakarta",https://www.lamudi.co.id/properti/41032-73-42fcacd8a909-60e7-7b2ae43d-aa23-4673
Apartemen Dijual di Bintaro,"Rp 2,20M","CBD Bintaro Jaya, Bintaro Jaya, Pondok Aren, Tangerang Selatan, Banten",https://www.lamudi.co.id/properti/41032-73-496a10b55b3b-27ed-4863dacc-b17b-4e4c
Apartemen Dijual di Kelapa Gading,"Rp 1,60M","RW 21, Kelapa Gading Barat, Kelapa Gading, Jakarta Utara, Daerah Khusus Ibukota Jakarta",https://www.lamudi.co.id/properti/41032-73-37a19fa436cd-5fc8-19d5237-a2ae-713a
Apartemen Dijual di Kebayoran Lama,"Rp 4,75M","RW 15, Pondok Pinang, Kebayoran Lama, Jakarta Selatan, Daerah Khusus Ibukota Jakarta",https://www.lamudi.co.id/properti/41032-73-49f3bbc7475c-3cc0-83a3398d-9688-4c98
Apartemen Dijual di Kebayoran Lama,"Rp 7,75M","RW 15, Pondok Pinang, Kebayoran Lama, Jakarta Selatan, Daerah Khusus Ibukota Jakarta",https://www.lamudi.co.id/properti/41032-73-165c33e655ea-a509-489344a0-a386-49d0
Apartemen Dijual di Gading Serpong,Rp 750Jt,"Gading Serpong, Pakulonan Barat, Kelapa Dua, Kabupaten Tangerang, Banten",https://www.lamudi.co.id/properti/41032-73-a84da64e919-8c8-19c1702-97a5-790f
Apartemen Dijual di Bumi Serpong Damai,"Rp 2,30M","BSD Grand CBD, BSD City, Pagedangan, Pagedangan, Kabupaten Tangerang, Banten",https://www.lamudi.co.id/properti/41032-73-b94db235ee92-31ab-19c35c3-91d7-7add
Apartemen Dijual di Gading Serpong,Rp 800Jt,"Gading Serpong, Pakulonan Barat, Kelapa Dua, Kabupaten Tangerang, Banten",https://www.lamudi.co.id/properti/41032-73-617d082ae8-c282-19c170e-ad99-762f
Apartemen Dijual di Babakan Madang,Rp 750Jt,"Sentul, Babakan Madang, Kab Bogor, Jawa Barat",https://www.lamudi.co.id/properti/41032-73-e09fc693962e-aa61-19e2772-b5a8-71be
Apartemen Dijual di Kayu Putih,Rp 625Jt,"RW 16, Kayu Putih, Pulo Gadung, Jakarta Timur, Daerah Khusus Ibukota Jakarta",https://www.lamudi.co.id/properti/41032-73-29a563974f42-553c-19ef78e-b00d-7ae6
Apartemen Dijual di Alam Sutera,Rp 650Jt,"Alam Sutera, Pinang, Tangerang, Banten",https://www.lamudi.co.id/properti/41032-73-ed447ba031d0-1bf0-19eaa4c-9fd5-72bc
Apartemen Dijual di Kelapa Gading,"Rp 7,50M","RW 06, Kelapa Gading Barat, Kelapa Gading, Jakarta Utara, Daerah Khusus Ibukota Jakarta",https://www.lamudi.co.id/properti/41032-73-611120f39083-7e97-19ef7d0-a2b7-7b0f
Apartemen Dijual di Kelapa Gading,"Rp 3,85M","RW 01, Kelapa Gading Timur, Kelapa Gading, Jakarta Utara, Daerah Khusus Ibukota Jakarta",https://www.lamudi.co.id/properti/41032-73-18c4d35b012f-fcf6-19d6c38-a72b-720e
Apartemen Dijual di Luwus,"Rp 2,02M","Tua, Luwus, Tabanan, Bali",https://www.lamudi.co.id/properti/41032-73-f15035c8ee6e-641c-19d0ae5-b94b-763b
Apartemen Dijual di Dukuh Pakis,Rp 375Jt,"RW 08, Pradahkali Kendal, Dukuh Pakis, Surabaya, Jawa Timur",https://www.lamudi.co.id/properti/41032-73-bf2537622d71-87f5-19c8994-a2e5-7652
Apartemen Dijual di Lengkong Gudang,Rp 785Jt,"Babakan, Lengkong Gudang, Serpong, Tangerang Selatan, Banten",https://www.lamudi.co.id/jual/banten/tangerang/apartemen-treepark-bsd-lokasi-strategis-harga-mura-172192456230/
Apartemen Dijual di Cawang,Rp 850Jt,"RW 05, Cawang, Kramat Jati, Jakarta Timur, Daerah Khusus Ibukota Jakarta",https://www.lamudi.co.id/properti/41032-73-a6ef4cdf12ee-3aa5-19a1510-bd64-70a3
Apartemen Dijual di Bogor Selatan - Kota,"Rp 1,08M","Pakuan, Bogor Selatan, Bogor, Jawa Barat",https://www.lamudi.co.id/properti/41032-73-a235b0f9438b-33f8-19a2f23-8e2d-73e9
Apartemen Dijual di Bogor Selatan - Kota,Rp 615Jt,"Pakuan, Bogor Selatan, Bogor, Jawa Barat",https://www.lamudi.co.id/properti/41032-73-abcd75953bcc-3d22-19a2f0c-8e27-7137
Apartemen Dijual di Bogor Selatan - Kota,Rp 830Jt,"Pakuan, Bogor Selatan, Bogor, Jawa Barat",https://www.lamudi.co.id/properti/41032-73-82edeee0c208-fb50-19a2efd-9d7a-75a2
Apartemen Dijual di Karet,"Rp 2,50M","RW 04, Karet, Setiabudi, Jakarta Selatan, Daerah Khusus Ibukota Jakarta",https://www.lamudi.co.id/properti/41032-73-cf2963f30d6a-d00e-19ebbc3-aca2-7324
Apartemen Dijual di Bumi Serpong Damai,"Rp 3,20M","BSD City, Sampora, Cisauk, Kabupaten Tangerang, Banten",https://www.lamudi.co.id/properti/41032-73-adea7997fcaf-c01f-19ea6be-80dd-7274
Apartemen Dijual di Cihuni,"Rp 5,20M","Paramount Serpong, Gading Serpong, Cihuni, Pagedangan, Kabupaten Tangerang, Banten",https://www.lamudi.co.id/properti/41032-73-dfbb7e988170-a668-19bfa15-bfa5-705e
Apartemen Dijual di Beji,Rp 450Jt,"Pondok Cina, Beji, Depok, Jawa Barat",https://www.lamudi.co.id/properti/41032-73-75b298ccba12-d488-19dd82a-bbc8-75c4
Apartemen Dijual di Beji,Rp 495Jt,"Kukusan, Beji, Depok, Jawa Barat",https://www.lamudi.co.id/properti/41032-73-eef1c0dc81a-34e2-19e71fa-b45e-7183
Apartemen Dijual di Kerobokan Kelod,"Rp 3,81M","Kerobokan Kelod, Kuta Utara, Badung, Bali",https://www.lamudi.co.id/jual/bali/badung/premium-modern-one-bedroom-apartment-with-rooftop-171694755843/
Apartemen Dijual di Menur Pumpungan,Rp 370Jt,"RW 06, Menur Pumpungan, Sukolilo, Surabaya, Jawa Timur",https://www.lamudi.co.id/properti/41032-73-e345a830f4d8-9eac-19e3ea8-8b03-773c
Apartemen Dijual di Malang,Rp 250Jt,"05, Kel Penanggungan, Kec Klojen, Kota Malang, Ketawanggede, Kota Malang, Kota Malang, Jawa Timur",https://www.lamudi.co.id/properti/41032-73-af7188a77489-b28a-19ab49e-bd37-70df
Apartemen Dijual di Bumi Serpong Damai,"Rp 1,70M","BSD Grand CBD, BSD City, Sampora, Cisauk, Kabupaten Tangerang, Banten",https://www.lamudi.co.id/properti/41032-73-553ec47a9cdc-fb3c-19c4664-9568-7f39
Kondominium Dijual di Sulawesi Selatan,"Rp 1,50M","Bangkala, Jeneponto, Sulawesi Selatan",https://www.lamudi.co.id/properti/41032-73-a2b419f813b3-9426-19ab6a7-8a7a-79e5
Apartemen Dijual di Curug Sangereng,Rp 650Jt,"Summarecon Serpong, Curug Sangereng, Kelapa Dua, Kabupaten Tangerang, Banten",https://www.lamudi.co.id/properti/41032-73-97cd017bb099-de44-1999fc5-9cb2-773e
Apartemen Dijual di Dukuh Pakis,Rp 625Jt,"RW 08, Pradahkali Kendal, Dukuh Pakis, Surabaya, Jawa Timur",https://www.lamudi.co.id/properti/41032-73-86e46c1b74d5-443d-19db9d5-84f7-70fa
Apartemen Dijual di Bumi Serpong Damai,"Rp 1,45M","BSD City, Pagedangan, Pagedangan, Kabupaten Tangerang, Banten",https://www.lamudi.co.id/properti/41032-73-96c792ed4b45-943b-19c8a08-af0d-7b5a
Apartemen Dijual di Bumi Serpong Damai,"Rp 1,45M","BSD City, Pagedangan, Pagedangan, Kabupaten Tangerang, Banten",https://www.lamudi.co.id/properti/41032-73-38e3a750746a-3281-19c89f1-80d9-7f1a
Apartemen Dijual di Bumi Serpong Damai,"Rp 1,45M","BSD City, Pagedangan, Pagedangan, Kabupaten Tangerang, Banten",https://www.lamudi.co.id/properti/41032-73-ce89cd2838fe-bb82-19c89e0-a124-74e2
Apartemen Dijual di Bojong Jaya,Rp 525Jt,"Bojong Jaya, Karawaci, Tangerang, Banten",https://www.lamudi.co.id/jual/banten/tangerang/dijual-unit-langka-semi-penthouse-173301249986/
Apartemen Dijual di Tabanan,"Rp 4,50M","Banjar Anyar, Kediri, Tabanan, Bali",https://www.lamudi.co.id/properti/41032-73-2547862fcfd7-f93e-19f11b9-87e3-75c9
Apartemen Dijual di Kedung Baruk,Rp 220Jt,"RW 04, Kedung Baruk, Rungkut, Surabaya, Jawa Timur",https://www.lamudi.co.id/properti/41032-73-ca92a0a42a03-a137-19d01e2-8de2-7278
Apartemen Dijual di Canggu,"Rp 2,34M","Canggu, Canggu, Kuta Utara, Badung, Bali",https://www.lamudi.co.id/properti/41032-73-fc8cf30c2637-af76-19d0a2d-85a4-775a
Apartemen Dijual di Tabanan,"Rp 2,11M","Batugaing, Tabanan, Bali",https://www.lamudi.co.id/properti/41032-73-180baf540e26-83e8-19d05f5-ba46-7061
Apartemen Dijual di Ungasan,"Rp 5,33M","Ungasan, Kuta Selatan, Badung, Bali",https://www.lamudi.co.id/properti/41032-73-1dfc570eb27e-7d9e-19d1ec0-9395-7538
Apartemen Dijual di Ungasan,"Rp 2,11M","Ungasan, Kuta Selatan, Badung, Bali",https://www.lamudi.co.id/properti/41032-73-f0ac46932fe0-44ce-19d1ebc-ae82-71f3
Apartemen Dijual di Canggu,"Rp 1,99M","Canggu, Canggu, Kuta Utara, Badung, Bali",https://www.lamudi.co.id/properti/41032-73-f17ca8c26bfc-8f0d-19d19b3-95b9-7826
Apartemen Dijual di Petulu,"Rp 1,86M","Petulu, Kecamatan Ubud, Gianyar, Bali",https://www.lamudi.co.id/properti/41032-73-a1e4ad34aff9-74e1-19d1ee2-999f-70de
Apartemen Dijual di Canggu,"Rp 2,49M","Canggu, Canggu, Kuta Utara, Badung, Bali",https://www.lamudi.co.id/properti/41032-73-f0e3af71ce4a-7d73-19d0a10-bc89-7233
Apartemen Dijual di Badung,"Rp 2,11M","Kutuh, Kuta Selatan, Badung, Bali",https://www.lamudi.co.id/properti/41032-73-27c586aae911-3c5c-19d1e93-80e0-7633
Apartemen Dijual di Canggu,"Rp 4,23M","Canggu, Canggu, Kuta Utara, Badung, Bali",https://www.lamudi.co.id/properti/41032-73-46a0df71b3b5-ca31-19d1982-8ad9-711f
Apartemen Dijual di Luwus,"Rp 1,85M","Tua, Luwus, Tabanan, Bali",https://www.lamudi.co.id/properti/41032-73-1d8e7f3b27e1-d78b-19d0b35-8be8-7607
Apartemen Dijual di Canggu,"Rp 2,72M","Canggu, Canggu, Kuta Utara, Badung, Bali",https://www.lamudi.co.id/properti/41032-73-3d6353d1ef72-333f-19d19ab-9ed2-70a5
Apartemen Dijual di Canggu,"Rp 2,96M","Canggu, Canggu, Kuta Utara, Badung, Bali",https://www.lamudi.co.id/properti/41032-73-b7e503bbc8d5-32d6-19d197d-81d6-707c
Apartemen Dijual di Canggu,"Rp 2,62M","Canggu, Canggu, Kuta Utara, Badung, Bali",https://www.lamudi.co.id/properti/41032-73-413e3df3acc2-103b-19d1a08-94be-7151
Apartemen Dijual di Tabanan,"Rp 3,08M","Tabanan, Bali",https://www.lamudi.co.id/properti/41032-73-ca0f2c78e510-8413-19d199f-870f-70d4
Apartemen Dijual di Tibubeneng,"Rp 3,18M","Tibubeneng, Kuta Utara, Badung, Bali",https://www.lamudi.co.id/properti/41032-73-edc9c5fe5f39-8ece-19d0b59-8fd2-7309
Apartemen Dijual di Canggu,"Rp 2,69M","Canggu, Canggu, Kuta Utara, Badung, Bali",https://www.lamudi.co.id/properti/41032-73-8e4975f3ceec-220e-19d0b46-9e2e-72fa
Apartemen Dijual di Pecatu,"Rp 2,21M","Pecatu, Kuta Selatan, Badung, Bali",https://www.lamudi.co.id/properti/41032-73-9646db8f1eca-7d6a-19d1e7b-8717-724f
Apartemen Dijual di Cemagi,"Rp 3,53M","Mengening, Badung, Bali",https://www.lamudi.co.id/properti/41032-73-13f4c609bf2e-6a55-19d0ad0-ae8a-74f3
Apartemen Dijual di Cemagi,"Rp 5,14M","Mengening, Badung, Bali",https://www.lamudi.co.id/properti/41032-73-8e2e2d840f7c-2032-19d0ad8-b485-7440
Apartemen Dijual di Cemagi,"Rp 6,62M","Mengening, Badung, Bali",https://www.lamudi.co.id/properti/41032-73-4333e6d5513e-adf9-19d0adf-9bf4-74ab
Apartemen Dijual di Ubud,"Rp 2,01M","Ubud, Kecamatan Ubud, Gianyar, Bali",https://www.lamudi.co.id/properti/41032-73-9d646a016d88-d656-19d19f6-807e-76c2
Apartemen Dijual di Canggu,"Rp 2,52M","Canggu, Canggu, Kuta Utara, Badung, Bali",https://www.lamudi.co.id/properti/41032-73-538a7702701-ee71-19d1a7b-930d-744e
Apartemen Dijual di Tabanan,"Rp 1,62M","banjar kedungu, desa belalang, Tabanan, Bali",https://www.lamudi.co.id/properti/41032-73-ef10d0c53723-b1c6-19d1ea7-94f3-77a1
Apartemen Dijual di Tabanan,"Rp 1,43M","banjar kedungu, desa belalang, Tabanan, Bali",https://www.lamudi.co.id/properti/41032-73-61183b0b74bc-8583-19d1ea3-9f43-763f
Apartemen Dijual di Ubud,"Rp 2,69M","Ubud, Kecamatan Ubud, Gianyar, Bali",https://www.lamudi.co.id/properti/41032-73-2f16e2a248d3-c9a6-19d19fb-b9e7-73ba
Apartemen Dijual di Badung,"Rp 1,77M","Kutuh, Kuta Selatan, Badung, Bali",https://www.lamudi.co.id/properti/41032-73-fe576b8dec58-fd8f-19d1ed0-8ca5-73eb
Apartemen Dijual di Ungasan,"Rp 1,54M","Ungasan, Kuta Selatan, Badung, Bali",https://www.lamudi.co.id/properti/41032-73-8fcc554eb64-8f3f-19d1a40-a03a-77c3
Apartemen Dijual di Ubud,"Rp 2,70M","Ubud, Kecamatan Ubud, Gianyar, Bali",https://www.lamudi.co.id/properti/41032-73-501b3c3a45-99c3-19d1eb6-98ad-765e
Apartemen Dijual di Badung,"Rp 2,11M","Kutuh, Kuta Selatan, Badung, Bali",https://www.lamudi.co.id/properti/41032-73-955ab8898c69-351b-19d1aa5-a13e-7347
Apartemen Dijual di Luwus,"Rp 2,14M","Tua, Luwus, Tabanan, Bali",https://www.lamudi.co.id/properti/41032-73-4d5595ec6897-db05-19d0af6-a801-742b
Apartemen Dijual di Luwus,"Rp 5,73M","Tua, Luwus, Tabanan, Bali",https://www.lamudi.co.id/properti/41032-73-f9513c9581ad-fe0b-19d0a97-b9da-72a7
Apartemen Dijual di Badung,"Rp 1,69M","Badung, Bali",https://www.lamudi.co.id/properti/41032-73-b5b82be98b1e-9b23-19d1a56-90a0-7754
Apartemen Dijual di Kenderan,"Rp 3,37M","Kepitu, Kenderan, Gianyar, Bali",https://www.lamudi.co.id/properti/41032-73-cea1e3a75d08-20d3-19d0608-86fe-7583
Apartemen Dijual di Luwus,"Rp 2,51M","Tua, Luwus, Tabanan, Bali",https://www.lamudi.co.id/properti/41032-73-f897586ec264-f5e5-19d0a90-aaf7-7456
Apartemen Dijual di Dukuh Pakis,"Rp 5,45M","Dukuh Pakis, Surabaya, Jawa Timur",https://www.lamudi.co.id/properti/41032-73-393fcd2facc1-95cc-19f1470-8f7a-71d9
Apartemen Dijual di Cilandak,"Rp 3,35M","RW 04, Lebak Bulus, Cilandak, Jakarta Selatan, Daerah Khusus Ibukota Jakarta",https://www.lamudi.co.id/properti/41032-73-4c98083a2a74-a389-7ee7d32d-9f48-432e
Apartemen Dijual di Kuta,"Rp 2,50M","Legian, Kuta, Badung, Bali",https://www.lamudi.co.id/properti/41032-73-66fc56bde0c0-570f-19d588a-a42b-74b2
Apartemen Dijual di Cilandak,"Rp 2,20M","RW 08, Cilandak Barat, Cilandak, Jakarta Selatan, Daerah Khusus Ibukota Jakarta",https://www.lamudi.co.id/properti/41032-73-9a0832c7fce4-368c-8adb9271-967e-4074
Apartemen Dijual di Bumi Serpong Damai,Rp 9Jt,"BSD City, Sampora, Cisauk, Kabupaten Tangerang, Banten",https://www.lamudi.co.id/properti/41032-73-abd6c7022499-d236-19cb326-8b91-7067
Apartemen Dijual di Bumi Serpong Damai,Rp 800Jt,"BSD City, Sampora, Cisauk, Kabupaten Tangerang, Banten",https://www.lamudi.co.id/properti/41032-73-bc10bae3fe87-c301-19ccc7d-91f0-7085
Apartemen Dijual di Gelora,"Rp 2,30M","RW 01, Gelora, Tanah Abang, Jakarta Pusat, Daerah Khusus Ibukota Jakarta",https://www.lamudi.co.id/jual/jakarta/jakarta-pusat/dijual-segera-unit-apartemen-3bedroom-175557944511/
Apartemen Dijual di Cipete Utara,"Rp 2,20M","RW 09, Cipete Utara, Kebayoran Baru, Jakarta Selatan, Daerah Khusus Ibukota Jakarta",https://www.lamudi.co.id/properti/41032-73-94f94cf88117-f76f-19e2f50-be4d-70f8
Apartemen Dijual di Bumi Serpong Damai,Rp 460Jt,"BSD City, Sampora, Cisauk, Kabupaten Tangerang, Banten",https://www.lamudi.co.id/properti/41032-73-76e0eaf9dd08-8364-19cb354-86a0-7664
Apartemen Dijual di Cengkareng,"Rp 1,70M","RW 04, Rawa Buaya, Cengkareng, Jakarta Barat, Daerah Khusus Ibukota Jakarta",https://www.lamudi.co.id/properti/41032-73-82f9d96f7459-32b4-19d8c5e-8938-7f43
Apartemen Dijual di Ancol,Rp 850Jt,"RW 10, Ancol, Pademangan, Jakarta Utara, Daerah Khusus Ibukota Jakarta",https://www.lamudi.co.id/jual/jakarta/jakarta-utara/bu-apartemen-northland-dijual-cepat-murah-170649531519/
Apartemen Dijual di Grogol Petamburan,Rp 850Jt,"RW 06, Tanjung Duren Selatan, Grogol Petamburan, Jakarta Barat, Daerah Khusus Ibukota Jakarta",https://www.lamudi.co.id/jual/jakarta/jakarta-barat/apartemen-taman-anggrek-tipe-studio-lokasi-strateg-17178272144/
Apartemen Dijual di Cengkareng,Rp 700JtProperti sitaan,"RW 13, Cengkareng Timur, Cengkareng, Jakarta Barat, Daerah Khusus Ibukota Jakarta",https://www.lamudi.co.id/jual/jakarta/jakarta-barat/apartemen-city-resort-fasilitas-elit-dijual-murah-17096121213/
Apartemen Dijual di Cibubur,Rp 1M,"RW 10, Cibubur, Ciracas, Jakarta Timur, Daerah Khusus Ibukota Jakarta",https://www.lamudi.co.id/properti/41032-73-4a41a33a3836-8d70-19f07c1-9526-71a3
Apartemen Dijual di Cempaka Putih,Rp 495Jt,"RW 09, Rawasari, Cempaka Putih, Jakarta Pusat, Daerah Khusus Ibukota Jakarta",https://www.lamudi.co.id/properti/41032-73-1f5cf2e4690-8692-fa2e234-89dd-4ad2
Apartemen Dijual di Kelapa Gading,Rp 830Jt,"RW 19, Kelapa Gading Barat, Kelapa Gading, Jakarta Utara, Daerah Khusus Ibukota Jakarta",https://www.lamudi.co.id/properti/41032-73-8691c1dc46d0-3fa2-19dbc6a-8984-77e3
Apartemen Dijual di Dukuh Pakis,"Rp 5,45M","Bukit Darmo, RW 02, Pradahkali Kendal, Dukuh Pakis, Surabaya, Jawa Timur",https://www.lamudi.co.id/properti/41032-73-ac0d644028e5-3c10-19e3bec-8172-776d
Apartemen Dijual di Bumi Serpong Damai,Rp 880Jt,"BSD City, Sampora, Cisauk, Kabupaten Tangerang, Banten",https://www.lamudi.co.id/properti/41032-73-6e6c857c8495-7242-19daf88-b314-74c0
Apartemen Dijual di Penjaringan,Rp 880Jt,"RW 10, Pluit, Penjaringan, Jakarta Utara, Daerah Khusus Ibukota Jakarta",https://www.lamudi.co.id/properti/41032-73-973e98e00351-9ecf-19c2305-9acf-7647
Apartemen Dijual di Penjaringan,Rp 470Jt,"RW 10, Pluit, Penjaringan, Jakarta Utara, Daerah Khusus Ibukota Jakarta",https://www.lamudi.co.id/properti/41032-73-5c1a292724a0-7f32-19c1d56-9f4a-71b5
Apartemen Dijual di Penjaringan,Rp 530Jt,"RW 10, Pluit, Penjaringan, Jakarta Utara, Daerah Khusus Ibukota Jakarta",https://www.lamudi.co.id/properti/41032-73-9f818b1c362c-905f-19c1d68-935a-77a9
Apartemen Dijual di Bumi Serpong Damai,"Rp 5,20M","BSD City, Sampora, Cisauk, Kabupaten Tangerang, Banten",https://www.lamudi.co.id/properti/41032-73-bc72dfcc7221-27b5-19db00d-8bba-79cd
Apartemen Dijual di Alam Sutera,"Rp 1,05M","Alam Sutera, Pinang, Tangerang, Banten",https://www.lamudi.co.id/properti/41032-73-e2f8c94b8f0c-6780-19dc36d-9ba7-7474
Apartemen Dijual di Citraland,"Rp 1,50M","Citraland, RW 06, Made, Sambikerep, Surabaya, Jawa Timur",https://www.lamudi.co.id/properti/41032-73-217e11a0df00-208e-19df71c-8917-77f2
Apartemen Dijual di Kalideres,Rp 365Jt,"RW 03, Semanan, Kalideres, Jakarta Barat, Daerah Khusus Ibukota Jakarta",https://www.lamudi.co.id/jual/jakarta/jakarta-barat/dijual-cepat-apartemen-palm-mansion-2br-semi-furni-17452380841/
Apartemen Dijual di Dukuh Pakis,Rp 375Jt,"RW 01, Dukuh Pakis, Dukuh Pakis, Surabaya, Jawa Timur",https://www.lamudi.co.id/properti/41032-73-ce600c68d701-6621-19e49af-b6f0-7825
Apartemen Dijual di Karang Mulya,Rp 680Jt,"Karang Mulya, Karang Tengah, Tangerang, Banten",https://www.lamudi.co.id/jual/banten/tangerang/dijual-cepat-apartemen-the-nest-2br-171689035338/
Apartemen Dijual di Kembangan,"Rp 3,75M","RW 02, Kembangan Selatan, Kembangan, Jakarta Barat, Daerah Khusus Ibukota Jakarta",https://www.lamudi.co.id/properti/41032-73-bb465c707e6c-589-19e9361-a157-70dc
Apartemen Dijual di Karang Tengah,Rp 600Jt,"Karang Tengah, Karang Tengah, Tangerang, Banten",https://www.lamudi.co.id/jual/banten/tangerang/dijual-cepat-apartemen-the-nest-puri-17536786756/
Apartemen Dijual di Kelapa Gading,Rp 6M,"RW 21, Kelapa Gading Barat, Kelapa Gading, Jakarta Utara, Daerah Khusus Ibukota Jakarta",https://www.lamudi.co.id/properti/41032-73-b85446c80169-ab13-93d0ccfd-8be5-46d7
Apartemen Dijual di Gading Serpong,"Rp 1,10M","Ruko Bavaria, Paramount Serpong, Gading Serpong, Kelapa Dua, Kelapa Dua, Kabupaten Tangerang, Banten",https://www.lamudi.co.id/properti/41032-73-a82c501e8885-f3a8-19db093-8526-752d
Apartemen Dijual di Kebon Jeruk,"Rp 3,80M","RW 03, Kedoya Selatan, Kebon Jeruk, Jakarta Barat, Daerah Khusus Ibukota Jakarta",https://www.lamudi.co.id/properti/41032-73-514c75ed9b63-d716-19e9357-af52-7b30
Apartemen Dijual di Kelapa Gading,Rp 1M,"RW 13, Kelapa Gading Timur, Kelapa Gading, Jakarta Utara, Daerah Khusus Ibukota Jakarta",https://www.lamudi.co.id/properti/41032-73-3fae00b1ea7c-49c0-f200ee94-8bba-4be6
Apartemen Dijual di Kelapa Gading,"Rp 4,90M","RW 22, Kelapa Gading Timur, Kelapa Gading, Jakarta Utara, Daerah Khusus Ibukota Jakarta",https://www.lamudi.co.id/properti/41032-73-32e35824ab41-b0d6-a14724c-9f53-4fb8
Apartemen Dijual di Karet Kuningan,"Rp 11,50M","RW 07, Karet Kuningan, Setiabudi, Jakarta Selatan, Daerah Khusus Ibukota Jakarta",https://www.lamudi.co.id/properti/41032-73-12b25d3efb65-355a-3e65fa03-a2ce-491a
Apartemen Dijual di Cikini,"Rp 1,30M","RW 04, Cikini, Menteng, Jakarta Pusat, Daerah Khusus Ibukota Jakarta",https://www.lamudi.co.id/properti/41032-73-b7ad33c14bd8-251c-19c5cc2-bd89-7120
Apartemen Dijual di Alam Sutera,Rp 550Jt,"Alam Sutera, Pinang, Tangerang, Banten",https://www.lamudi.co.id/properti/41032-73-a7f77f68c089-be33-19daf78-b6c9-71f8
Apartemen Dijual di Beji,Rp 560Jt,"Pondok Cina, Beji, Depok, Jawa Barat",https://www.lamudi.co.id/properti/41032-73-24433618d1fe-12c2-19e416f-b053-7830
Apartemen Dijual di Kelapa Gading,"Rp 1,45M","RW 21, Kelapa Gading Barat, Kelapa Gading, Jakarta Utara, Daerah Khusus Ibukota Jakarta",https://www.lamudi.co.id/properti/41032-73-2ef8e88b80a2-69a0-984d8771-871d-434b
Apartemen Dijual di Cengkareng,"Rp 1,25M","RW 03, Rawa Buaya, Cengkareng, Jakarta Barat, Daerah Khusus Ibukota Jakarta",https://www.lamudi.co.id/properti/41032-73-f7ca2ff3516a-a4f3-19eda53-ad74-7371
Apartemen Dijual di Mariso,"Rp 671,20Jt","Centre Point of Indonesia (CPI), Panambungan, Mariso, Makassar, Sulawesi Selatan",https://www.lamudi.co.id/properti/41032-73-d0a78edf9ab7-4efe-19da482-8b31-7344
Apartemen Dijual di Mulyorejo,Rp 450Jt,"RW 02, Kejawen Putih Tambak, Mulyorejo, Surabaya, Jawa Timur",https://www.lamudi.co.id/properti/41032-73-c4914ed5c7f1-57db-19e976c-85f1-7271
Apartemen Dijual di Keputih,Rp 250Jt,"RW 01, Keputih, Sukolilo, Surabaya, Jawa Timur",https://www.lamudi.co.id/properti/41032-73-d6184a052433-63d-19e970b-a77c-77e5
Apartemen Dijual di Mariso,"Rp 1,55M","Panambungan, Mariso, Makassar, Sulawesi Selatan",https://www.lamudi.co.id/properti/41032-73-f9243d01522-197-19a5767-9533-7699
Apartemen Dijual di Bintaro,Rp 650Jt,"CBD Bintaro Jaya, Bintaro Jaya, Pondok Aren, Tangerang Selatan, Banten",https://www.lamudi.co.id/jual/banten/tangerang-selatan/nice-unit-aparment-atlanta-residence-171997929847/
Apartemen Dijual di Mulyorejo,Rp 490Jt,"RW 03, Kejawen Putih Tambak, Mulyorejo, Surabaya, Jawa Timur",https://www.lamudi.co.id/properti/41032-73-19cc30aeb75c-7682-19e9710-bd6f-79f2
Apartemen Dijual di Tanah Sareal,Rp 430Jt,"Kedung Badak, Tanah Sareal, Bogor, Jawa Barat",https://www.lamudi.co.id/properti/41032-73-9968188c47f7-6c0-19db0b8-b61e-7c36
Apartemen Dijual di Masale,Rp 450Jt,"Masale, Masale, Panakkukang, Makassar, Sulawesi Selatan",https://www.lamudi.co.id/properti/41032-73-d78405dd2554-11d8-19c07c2-8d85-7e13
Apartemen Dijual di Cikini,Rp 7M,"RW 02, Cikini, Menteng, Jakarta Pusat, Daerah Khusus Ibukota Jakarta",https://www.lamudi.co.id/properti/41032-73-349fa1693e62-e8a5-19c4d43-9b0e-7205
Apartemen Dijual di Kalisari,Rp 560Jt,"Pakuwon City, RW 08, Kalisari, Mulyorejo, Surabaya, Jawa Timur",https://www.lamudi.co.id/properti/41032-73-9ac2dcf54c1e-aa7d-19e98a1-bcc8-709a
Apartemen Dijual di Karet Tengsin,"Rp 1,30M","RW 09, Karet Tengsin, Tanah Abang, Jakarta Pusat, Daerah Khusus Ibukota Jakarta",https://www.lamudi.co.id/properti/41032-73-144098963cf1-acd7-19eefb8-ba55-7584
Apartemen Dijual di Mariso,Rp 750Jt,"Centre Point of Indonesia (CPI), Panambungan, Mariso, Makassar, Sulawesi Selatan",https://www.lamudi.co.id/properti/41032-73-b07a282c1c7c-f2c1-19d757c-bdf9-70ef
Apartemen Dijual di Cikarang Selatan,Rp 300Jt,"Meikarta, Cibatu, Kab Bekasi, Jawa Barat",https://www.lamudi.co.id/properti/41032-73-b270c349583a-e2f-19dd81d-bc80-7fb8
Apartemen Dijual di Pantai Indah Kapuk,Rp 175Jt,"Pantai Indah Kapuk, Jakarta Utara, Daerah Khusus Ibukota Jakarta",https://www.lamudi.co.id/jual/jakarta/jakarta-utara/lanjut-cicilan-apartemen-tokyo-riverside-pik2-stud-171775221025/
Apartemen Dijual di Gading Serpong,Rp 790Jt,"Ruko Bavaria, Paramount Serpong, Gading Serpong, Kelapa Dua, Kelapa Dua, Kabupaten Tangerang, Banten",https://www.lamudi.co.id/properti/41032-73-887538376175-9d7d-19dbe66-96da-7539
Apartemen Dijual di Canggu,"Rp 2,00M","Canggu, Canggu, Kuta Utara, Badung, Bali",https://www.lamudi.co.id/properti/41032-73-a98b3ac3159a-789a-e0a2c4e5-8273-472a
Apartemen Dijual di Canggu,Rp 3M,"Canggu, Canggu, Kuta Utara, Badung, Bali",https://www.lamudi.co.id/properti/41032-73-29f7ee647aaa-f7b5-c954377a-a8e2-4573
Apartemen Dijual di Canggu,"Rp 4,66M","Canggu, Canggu, Kuta Utara, Badung, Bali",https://www.lamudi.co.id/properti/41032-73-1a251e97d904-54cb-d3e51856-95dd-43b6
Kondominium Dijual di Kuta,Rp 990Jt,"Kuta, Kuta, Badung, Bali",https://www.lamudi.co.id/properti/41032-73-4489d0b17e57-7999-19e4f55-b9db-72ea
Apartemen Dijual di Kalisari,Rp 625Jt,"Pakuwon City, RW 08, Kalisari, Mulyorejo, Surabaya, Jawa Timur",https://www.lamudi.co.id/properti/41032-73-7f1aa7a921e1-8d2a-19e1af7-8e46-72cf
Apartemen Dijual di Gubeng,Rp 185Jt,"RW 06, Kertajaya, Gubeng, Surabaya, Jawa Timur",https://www.lamudi.co.id/properti/41032-73-8a0ba4696134-31fd-19ef8d7-a9da-72a6
Apartemen Dijual di Grogol Petamburan,"Rp 1,60M","RW 05, Tanjung Duren Selatan, Grogol Petamburan, Jakarta Barat, Daerah Khusus Ibukota Jakarta",https://www.lamudi.co.id/properti/41032-73-c01d389abd0f-a472-19daf29-b088-7058
Apartemen Dijual di Alam Sutera,"Rp 3,20M","Alam Sutera, Pinang, Tangerang, Banten",https://www.lamudi.co.id/properti/41032-73-28bc2fcd15cf-4818-19e8dba-80d2-7944
Apartemen Dijual di Serpong,"Rp 1,60M","Cadasmampar, Serpong, Serpong, Tangerang Selatan, Banten",https://www.lamudi.co.id/jual/banten/tangerang-selatan/apartemen-yukata-1-br-mezanine-harga-murah-17206006578/
Apartemen Dijual di Bulak,Rp 550Jt,"Bulak, Bulak, Surabaya, Jawa Timur",https://www.lamudi.co.id/properti/41032-73-a1e25567be5b-ba0a-19cccbf-b5a2-7db7
Apartemen Dijual di Cengkareng,Rp 650Jt,"RW 01, Cengkareng Barat, Cengkareng, Jakarta Barat, Daerah Khusus Ibukota Jakarta",https://www.lamudi.co.id/jual/jakarta/jakarta-barat/apartemen-sentraland-cengkareng-bunaken-jakbar-174055533323/
Apartemen Dijual di Cimone Jaya,Rp 500Jt,"Cimone Jaya, Karawaci, Tangerang, Banten",https://www.lamudi.co.id/properti/41032-73-32035ccd28ca-31b8-19e963f-8b42-7c32
Apartemen Dijual di Alam Sutera,Rp 900Jt,"Alam Sutera, Pinang, Tangerang, Banten",https://www.lamudi.co.id/properti/41032-73-53dcaf41dc7c-e5c-19e836f-9f30-79f6
Apartemen Dijual di Grogol Petamburan,"Rp 1,75M","RW 05, Tanjung Duren Selatan, Grogol Petamburan, Jakarta Barat, Daerah Khusus Ibukota Jakarta",https://www.lamudi.co.id/properti/41032-73-f101131172f1-9fa9-19dcd2c-8737-7157
Apartemen Dijual di Kelapa Dua,Rp 650Jt,"Kelapa Dua, Kelapa Dua, Kabupaten Tangerang, Banten",https://www.lamudi.co.id/properti/41032-73-68d28ad1432-d88b-19daf33-9ce7-7770
Apartemen Dijual di Cempaka Putih,Rp 600Jt,"RW 09, Rawasari, Cempaka Putih, Jakarta Pusat, Daerah Khusus Ibukota Jakarta",https://www.lamudi.co.id/properti/41032-73-7a183648df6e-74a1-19aaaa1-a292-71da
Apartemen Dijual di Kelapa Gading,"Rp 1,50M","RW 19, Kelapa Gading Barat, Kelapa Gading, Jakarta Utara, Daerah Khusus Ibukota Jakarta",https://www.lamudi.co.id/properti/41032-73-af8dba75142d-9a94-19d25fd-b0b3-73b5
Apartemen Dijual di Babatan,Rp 425Jt,"Pakuwon Indah, Kawasan Superblock Pakuwon, Babatan, Wiyung, Surabaya, Jawa Timur",https://www.lamudi.co.id/properti/41032-73-5b54f2ec9a98-5467-19cccb2-8e93-7220
Apartemen Dijual di Serpong,Rp 558Jt,"Lengkong Gudang Timur, Serpong, Tangerang Selatan, Banten",https://www.lamudi.co.id/properti/41032-73-accdd25ff680-96f8-199fccb-a3fb-7ba3
Apartemen Dijual di Babatan,Rp 575Jt,"Pakuwon Indah, Kawasan Superblock Pakuwon, Babatan, Wiyung, Surabaya, Jawa Timur",https://www.lamudi.co.id/jual/jawa-timur/surabaya/dijual-apartemen-dekat-its-dan-unair-174695418387/
Apartemen Dijual di Cidadap,"Rp 2,90M","Hegarmanah, Cidadap, Kota Bandung, Jawa Barat",https://www.lamudi.co.id/properti/41032-73-7679e1e33974-1793-19cb711-97f7-7b50
Apartemen Dijual di Bumi Serpong Damai,"Rp 1,95M","BSD City, Sampora, Cisauk, Kabupaten Tangerang, Banten",https://www.lamudi.co.id/properti/41032-73-c62e93180352-2be-19c22bc-aa6d-7145
Apartemen Dijual di Bojong Nangka,Rp 400Jt,"Podomoro Golf View, Bojong Nangka, Gunung Putri, Kab Bogor, Jawa Barat",https://www.lamudi.co.id/properti/41032-73-6b4a00d2b384-26d9-1997aec-bdf4-7510
Apartemen Dijual di Cilandak,"Rp 4,10M","RW 04, Lebak Bulus, Cilandak, Jakarta Selatan, Daerah Khusus Ibukota Jakarta",https://www.lamudi.co.id/properti/41032-73-5efd701daab3-2a31-19f0358-8ec7-71e4
Apartemen Dijual di Cicendo,"Rp 1,40M","Arjuna, Cicendo, Kota Bandung, Jawa Barat",https://www.lamudi.co.id/properti/41032-73-7bf3d0c50005-765a-48d86b15-8671-476e
Apartemen Dijual di Petemon,Rp 279Jt,"RW 01, Petemon, Sawahan, Surabaya, Jawa Timur",https://www.lamudi.co.id/properti/41032-73-be91db500df5-2402-19e7ea2-8793-72d6
Apartemen Dijual di Babatan,"Rp 3,90M","Pakuwon Indah, Kawasan Superblock Pakuwon, Babatan, Wiyung, Surabaya, Jawa Timur",https://www.lamudi.co.id/properti/41032-73-d21f5cb04955-e9b3-19e7e8a-9067-75d0
Apartemen Dijual di Keputih,Rp 250Jt,"RW 01, Keputih, Sukolilo, Surabaya, Jawa Timur",https://www.lamudi.co.id/properti/41032-73-c76d107bb308-63a6-19e977f-aab7-7833
Apartemen Dijual di Bintaro,"Rp 1,90M","RW 01, Bintaro, Pesanggrahan, Jakarta Selatan, Daerah Khusus Ibukota Jakarta",https://www.lamudi.co.id/jual/jakarta/jakarta-selatan/dijual-apartemen-modern-di-bintaro-jaya-siap-untuk-174065734424/
Apartemen Dijual di Kebayoran Lama,Rp 10M,"RW 16, Pondok Pinang, Kebayoran Lama, Jakarta Selatan, Daerah Khusus Ibukota Jakarta",https://www.lamudi.co.id/jual/jakarta/jakarta-selatan/dijual-aparteman-mewah-strategis-di-kawasan-pondok-174141993373/
Apartemen Dijual di Kebayoran Lama,"Rp 5,50M","RW 16, Pondok Pinang, Kebayoran Lama, Jakarta Selatan, Daerah Khusus Ibukota Jakarta",https://www.lamudi.co.id/jual/jakarta/jakarta-selatan/apartemen-mewah-bergengsi-di-pondok-indah-174142085793/
Apartemen Dijual di Karet,"Rp 2,80M","RW 04, Karet, Setiabudi, Jakarta Selatan, Daerah Khusus Ibukota Jakarta",https://www.lamudi.co.id/properti/41032-73-c2ba36b46ae3-f820-19f1272-8677-75f5
Apartemen Dijual di Kelapa Gading,"Rp 5,50M","RW 13, Kelapa Gading Timur, Kelapa Gading, Jakarta Utara, Daerah Khusus Ibukota Jakarta",https://www.lamudi.co.id/properti/41032-73-309cf0d01fbe-72df-19eee99-a11f-7654
Apartemen Dijual di Dukuh Pakis,Rp 525Jt,"RW 06, Dukuh Pakis, Dukuh Pakis, Surabaya, Jawa Timur",https://www.lamudi.co.id/jual/jawa-timur/surabaya/dijual-apartemen-2-bedroom-puncak-bukit-golf-surab-173287036215/
Apartemen Dijual di Pademangan,"Rp 1,25M","RW 10, Pademangan Barat, Pademangan, Jakarta Utara, Daerah Khusus Ibukota Jakarta",https://www.lamudi.co.id/properti/41032-73-94e6b79f7ca6-a5a-19ee5c5-bbb5-7529
Apartemen Dijual di Lontar,Rp 675Jt,"Pakuwon Indah, RW 16, Lontar, Sambikerep, Surabaya, Jawa Timur",https://www.lamudi.co.id/properti/41032-73-948c5b899c1c-48eb-19e7e5e-b45a-72c7
Apartemen Dijual di Cidadap,Rp 450Jt,"Hegarmanah, Cidadap, Kota Bandung, Jawa Barat",https://www.lamudi.co.id/properti/41032-73-4a79bbeb8d03-3f3a-19e686c-85c9-71b8
Apartemen Dijual di Grogol Utara,Rp 15M,"RW 07, Grogol Utara, Kebayoran Lama, Jakarta Selatan, Daerah Khusus Ibukota Jakarta",https://www.lamudi.co.id/properti/41032-73-9d3c5b30c7aa-c04-19f1be0-b01e-7783
Apartemen Dijual di Cengkareng,"Rp 1,10M","RW 02, Duri Kosambi, Cengkareng, Jakarta Barat, Daerah Khusus Ibukota Jakarta",https://www.lamudi.co.id/properti/41032-73-3860fc3f2335-ddd-19d8c36-8e0a-77d0
Apartemen Dijual di Penjaringan Sari,Rp 400Jt,"RW 02, Penjaringan Sari, Rungkut, Surabaya, Jawa Timur",https://www.lamudi.co.id/properti/41032-73-7b521c70e3af-a371-19eaba6-8df2-73f6
Apartemen Dijual di Cipete Utara,Rp 27M,"RW 04, Cipete Utara, Kebayoran Baru, Jakarta Selatan, Daerah Khusus Ibukota Jakarta",https://www.lamudi.co.id/properti/41032-73-f8f09dba013a-ff4b-19ca294-bd48-7d9c
Apartemen Dijual di Bumi Serpong Damai,"Rp 1,39M","BSD City, Situ Gadung, Pagedangan, Kabupaten Tangerang, Banten",https://www.lamudi.co.id/properti/41032-73-3eb716aaf3c5-596c-19d9a7e-841d-7bdf
Apartemen Dijual di Cikarang Selatan,Rp 700Jt,"Pasirsari, Kab Bekasi, Jawa Barat",https://www.lamudi.co.id/properti/41032-73-d6c2e62fbb24-d85d-19eede3-9ee9-7498
Apartemen Dijual di Kalideres,Rp 340Jt,"RW 02, Pegadungan, Kalideres, Jakarta Barat, Daerah Khusus Ibukota Jakarta",https://www.lamudi.co.id/properti/41032-73-6e6d8058786b-a8bb-19e1ffb-b4f2-79f6
Apartemen Dijual di Kelapa Dua,"Rp 1,50M","Lippo Village, Bencongan Indah, Kelapa Dua, Kabupaten Tangerang, Banten",https://www.lamudi.co.id/properti/41032-73-806881b4c2a7-2ab7-19c21f4-8843-774f
Apartemen Dijual di Sleman,Rp 990Jt,"Sariharjo, Ngaglik, Sleman, Daerah Istimewa Yogyakarta",https://www.lamudi.co.id/properti/41032-73-10b3d0ce7dff-87ab-19e968d-92bf-74c8
Apartemen Dijual di Depok,Rp 425Jt,"Kledokan, Catur Tunggal, Depok, Sleman, Daerah Istimewa Yogyakarta",https://www.lamudi.co.id/properti/41032-73-dc47306c18ef-85e5-19eb02f-98c3-76ff
Apartemen Dijual di Condong Catur,Rp 545Jt,"Soropadan, Condongcatur, Depok, Sleman, Daerah Istimewa Yogyakarta",https://www.lamudi.co.id/properti/41032-73-ebe1ee3b27aa-c9bb-19e9689-b565-728f
Apartemen Dijual di Cengkareng,Rp 180Jt,"RW 13, Duri Kosambi, Cengkareng, Jakarta Barat, Daerah Khusus Ibukota Jakarta",https://www.lamudi.co.id/jual/jakarta/jakarta-barat/di-jual-rugi-apartemen-studia-di-greenpalm-174063143872/
Apartemen Dijual di Pasar Minggu,Rp 900Jt,"RW 05, Ragunan, Pasar Minggu, Jakarta Selatan, Daerah Khusus Ibukota Jakarta",https://www.lamudi.co.id/jual/jakarta/jakarta-selatan/jual-apartment-apple1-condovilla-tb-simatupang-175618338362/
Apartemen Dijual di Kelapa Gading,"Rp 4,50M","RW 18, Kelapa Gading Timur, Kelapa Gading, Jakarta Utara, Daerah Khusus Ibukota Jakarta",https://www.lamudi.co.id/properti/41032-73-aa472a15b540-413b-9c8441fe-a8e9-409f
Apartemen Dijual di Bendungan Hilir,"Rp 2,50M","RW 04, Bendungan Hilir, Tanah Abang, Jakarta Pusat, Daerah Khusus Ibukota Jakarta",https://www.lamudi.co.id/properti/41032-73-4129b5250e27-b58f-19e4dc7-8711-79eb
Kondominium Dijual di Gisikdrono,"Rp 4,50M","RW 03, Gisikdrono, Semarang Barat, Kota Semarang, Jawa Tengah",https://www.lamudi.co.id/properti/41032-73-88bae15cd442-7d9b-19e6597-bb32-706e
Apartemen Dijual di Cengkareng,"Rp 1,10M","RW 02, Duri Kosambi, Cengkareng, Jakarta Barat, Daerah Khusus Ibukota Jakarta",https://www.lamudi.co.id/jual/jakarta/jakarta-barat/dijual-cepat-apartemen-puri-mansion-tipe-2-1-173234816285/
Apartemen Dijual di Harapan Mulya,Rp 255Jt,"Summarecon Bekasi, Tytyan Indah, Harapan Mulya, Bekasi, Jawa Barat",https://www.lamudi.co.id/properti/41032-73-d5d9e43fc71-273a-19f12a5-81b9-70f3
Kondominium Dijual di Kebayoran Baru,Rp 9M,"RW 02, Melawai, Kebayoran Baru, Jakarta Selatan, Daerah Khusus Ibukota Jakarta",https://www.lamudi.co.id/properti/41032-73-a2796c7833fc-2df1-19e8417-ad46-7b78
Apartemen Dijual di Kembangan,"Rp 1,10M","RW 05, Meruya Utara, Kembangan, Jakarta Barat, Daerah Khusus Ibukota Jakarta",https://www.lamudi.co.id/properti/41032-73-9515b76c210d-4d28-19c291f-8e32-7a0a
Apartemen Dijual di Joglo,"Rp 1,10M","RW 03, Joglo, Kembangan, Jakarta Barat, Daerah Khusus Ibukota Jakarta",https://www.lamudi.co.id/jual/jakarta/jakarta-barat/dijual-apartemen-puri-mansion-2-1br-full-furnished-172956401425/
Kondominium Dijual di Sambiroto,Rp 28M,"Tanah TNI AD, Sambiroto, Tembalang, Kota Semarang, Jawa Tengah",https://www.lamudi.co.id/properti/41032-73-73215960130d-f0ce-19e838d-95ee-7f78
Apartemen Dijual di Cengkareng,"Rp 1,25M","RW 03, Rawa Buaya, Cengkareng, Jakarta Barat, Daerah Khusus Ibukota Jakarta",https://www.lamudi.co.id/properti/41032-73-daa3b1f7ff9e-a37f-7f8ae474-a3db-44b1
Apartemen Dijual di Kelapa Gading,Rp 450Jt,"RW 26, Pegangsaan Dua, Kelapa Gading, Jakarta Utara, Daerah Khusus Ibukota Jakarta",https://www.lamudi.co.id/properti/41032-73-73f1bf01be14-b2c3-feb6732d-a76e-4e28
Apartemen Dijual di Cengkareng,Rp 350Jt,"RW 01, Duri Kosambi, Cengkareng, Jakarta Barat, Daerah Khusus Ibukota Jakarta",https://www.lamudi.co.id/jual/jakarta/jakarta-barat/dijual-cepat-apartemen-cantik-di-green-palm-reside-174659225595/
Apartemen Dijual di Kedung Baruk,Rp 450Jt,"RW 04, Kedung Baruk, Rungkut, Surabaya, Jawa Timur",https://www.lamudi.co.id/properti/41032-73-e92b9d3051c3-af5b-19ad490-a94c-75c2
Apartemen Dijual di Kendangsari,Rp 200Jt,"RW 05, Kendangsari, Tenggilis Mejoyo, Surabaya, Jawa Timur",https://www.lamudi.co.id/properti/41032-73-7dd53ddbe7f-386a-19ad035-98a4-75fe
Apartemen Dijual di Canggu,"Rp 2,05M","Canggu, Kuta Utara, Badung, Bali",https://www.lamudi.co.id/properti/41032-73-af65b0a15156-3450-618d221e-92ef-4a09
Apartemen Dijual di Menteng Dalam,"Rp 5,90M","RW 05, Menteng Dalam, Tebet, Jakarta Selatan, Daerah Khusus Ibukota Jakarta",https://www.lamudi.co.id/properti/41032-73-1aeae9210ca0-ca4b-19e7da7-9101-7bc2
Apartemen Dijual di Canggu,Rp 14M,"Canggu, Canggu, Kuta Utara, Badung, Bali",https://www.lamudi.co.id/properti/41032-73-6db01a936948-3f2-b6a3092e-a6f2-48fc
Apartemen Dijual di Bumi Serpong Damai,Rp 725Jt,"BSD City, Sampora, Cisauk, Kabupaten Tangerang, Banten",https://www.lamudi.co.id/properti/41032-73-e37000c3dac0-4f64-19ef40a-a0b5-7754
Apartemen Dijual di Kelapa Gading,"Rp 549,50Jt","RW 02, Pegangsaan Dua, Kelapa Gading, Jakarta Utara, Daerah Khusus Ibukota Jakarta",https://www.lamudi.co.id/properti/41032-73-743e119f97ed-b105-199b8fd-8781-7455
Apartemen Dijual di Cibogo,Rp 395Jt,"Serpong Garden Apartment, Cibeulut, Cibogo, Cisauk, Kabupaten Tangerang, Banten",https://www.lamudi.co.id/properti/41032-73-4d1474a064c3-2e28-19edf17-90af-71b9
Apartemen Dijual di Bumi Serpong Damai,Rp 490Jt,"BSD City, Sampora, Cisauk, Kabupaten Tangerang, Banten",https://www.lamudi.co.id/properti/41032-73-645fcfd7c9c8-d7d-19eee17-bdc3-7411
Apartemen Dijual di Ancol,Rp 1M,"RW 10, Ancol, Pademangan, Jakarta Utara, Daerah Khusus Ibukota Jakarta",https://www.lamudi.co.id/properti/41032-73-ccfefbaabe7f-b73a-19b552e-a6f8-727c
Apartemen Dijual di Ancol,"Rp 1,60M","Kawasan Wisata Ancol, Ancol, Pademangan, Jakarta Utara, Daerah Khusus Ibukota Jakarta",https://www.lamudi.co.id/jual/jakarta/jakarta-utara/dijual-apartemen-cantik-view-sea-menarik-ancol-man-175465502279/
Apartemen Dijual di Bumi Serpong Damai,"Rp 1,70M","BSD Grand CBD, BSD City, Sampora, Cisauk, Kabupaten Tangerang, Banten",https://www.lamudi.co.id/properti/41032-73-e7a763179247-ccc6-19c4647-ac2f-7246
Apartemen Dijual di Bumi Serpong Damai,"Rp 1,70M","BSD Grand CBD, BSD City, Sampora, Cisauk, Kabupaten Tangerang, Banten",https://www.lamudi.co.id/properti/41032-73-acc82ec86544-7dc8-19c4642-8604-7c07
Apartemen Dijual di Ubud,"Rp 1,40M","Ubud, Kecamatan Ubud, Gianyar, Bali",https://www.lamudi.co.id/properti/41032-73-397da854b63d-6c3b-3f83b964-a070-4992
Apartemen Dijual di Cepaka,"Rp 1,61M","Cepaka, Tabanan, Bali",https://www.lamudi.co.id/jual/bali/tabanan/leasehold-exclusive-studio-apartments-in-bali-174483098822/
Apartemen Dijual di Canggu,"Rp 34,70M","Canggu, Canggu, Kuta Utara, Badung, Bali",https://www.lamudi.co.id/jual/bali/badung/leasehold-oceanfront-penthouse-di-canggu-rooftop-p-175465380543/
Apartemen Dijual di Subamia,"Rp 1,61M","Tabanan, Subamia, Tabanan, Bali",https://www.lamudi.co.id/properti/41032-73-f046e4a84e98-535d-1999a31-a765-7063
Apartemen Dijual di Cepaka,"Rp 1,61M","Cepaka, Tabanan, Bali",https://www.lamudi.co.id/properti/41032-73-e302590dd97a-b067-3d670ff0-a800-4c6d
Apartemen Dijual di Mampang Prapatan,Rp 975Jt,"RW 11, Pela Mampang, Mampang Prapatan, Jakarta Selatan, Daerah Khusus Ibukota Jakarta",https://www.lamudi.co.id/properti/41032-73-6e689eef1f3b-69e8-19d0027-ab11-72e5
Apartemen Dijual di Sleman,"Rp 1,60M","Sariharjo, Ngaglik, Sleman, Daerah Istimewa Yogyakarta",https://www.lamudi.co.id/jual/yogyakarta/sleman/dijual-apartemen-jogja-mewah-amarta-175513969983/
Apartemen Dijual di Kelapa Gading,Rp 700Jt,"RW 03, Kelapa Gading Timur, Kelapa Gading, Jakarta Utara, Daerah Khusus Ibukota Jakarta",https://www.lamudi.co.id/jual/jakarta/jakarta-utara/dijual-apartemen-strategis-2-br-oak-tower-175428599168/
Apartemen Dijual di Sading,"Rp 3,51M","Sading, Badung, Bali",https://www.lamudi.co.id/properti/41032-73-3445779d12fb-3cd7-1999a33-8bd6-729e
Apartemen Dijual di Kuta,"Rp 3,51M","Seminyak, Kuta, Badung, Bali",https://www.lamudi.co.id/properti/41032-73-581a83d944da-8635-ede14669-8d69-4df6
Apartemen Dijual di Bumi Serpong Damai,"Rp 1,70M","BSD Grand CBD, BSD City, Sampora, Cisauk, Kabupaten Tangerang, Banten",https://www.lamudi.co.id/properti/41032-73-c38529e9367c-65ba-19c45f6-8d69-784f
Apartemen Dijual di Bumi Serpong Damai,Rp 500Jt,"BSD City, Sampora, Cisauk, Kabupaten Tangerang, Banten",https://www.lamudi.co.id/properti/41032-73-f2dc71a022b8-ae2c-19e00f9-a3eb-768b
Apartemen Dijual di Sleman,Rp 765Jt,"Sariharjo, Ngaglik, Sleman, Daerah Istimewa Yogyakarta",https://www.lamudi.co.id/jual/yogyakarta/sleman/dijual-apartemen-jogja-mewah-175774109418/
Apartemen Dijual di Sleman,Rp 700Jt,"Sariharjo, Ngaglik, Sleman, Daerah Istimewa Yogyakarta",https://www.lamudi.co.id/properti/41032-73-2698e50ec0c3-edfa-19a14fd-ae78-766d
Apartemen Dijual di Harapan Indah,Rp 570Jt,"Kota Harapan Indah, Bekasi, Jawa Barat",https://www.lamudi.co.id/properti/41032-73-55deb4be9f61-72ee-19e91e2-bf2a-70b5
Apartemen Dijual di Cidadap,Rp 450Jt,"Hegarmanah, Cidadap, Kota Bandung, Jawa Barat",https://www.lamudi.co.id/properti/41032-73-30b53d522e69-6331-28684ae7-81df-4152
Apartemen Dijual di Jatinegara,Rp 385Jt,"RW 04, Cipinang Besar Utara, Jatinegara, Jakarta Timur, Daerah Khusus Ibukota Jakarta",https://www.lamudi.co.id/properti/41032-73-9aa4ef9012a6-c078-19e5eb6-b010-7134
Apartemen Dijual di Jatinegara,Rp 385Jt,"RW 08, Cipinang Besar Selatan, Jatinegara, Jakarta Timur, Daerah Khusus Ibukota Jakarta",https://www.lamudi.co.id/properti/41032-73-d6a5e123fe3a-24b2-19e5e9b-b385-7388
Apartemen Dijual di Bumi Serpong Damai,Rp 850Jt,"BSD Grand CBD, BSD City, Sampora, Cisauk, Kabupaten Tangerang, Banten",https://www.lamudi.co.id/properti/41032-73-2843b38a7337-699b-19c468c-bcd7-71ba
Apartemen Dijual di Kebon Jeruk,Rp 2M,"RW 01, Kebon Jeruk, Kebon Jeruk, Jakarta Barat, Daerah Khusus Ibukota Jakarta",https://www.lamudi.co.id/jual/jakarta/jakarta-barat/jual-apartemen-di-muara-karang-jakarta-utara-174711782974/
Apartemen Dijual di Karet Semanggi,"Rp 4,18M","RW 04, Karet Semanggi, Setiabudi, Jakarta Selatan, Daerah Khusus Ibukota Jakarta",https://www.lamudi.co.id/properti/41032-73-7fe8bc8243b7-8564-19bbc4f-8216-74f5
Apartemen Dijual di Bangka,"Rp 4,19M","RW 05, Bangka, Mampang Prapatan, Jakarta Selatan, Daerah Khusus Ibukota Jakarta",https://www.lamudi.co.id/properti/41032-73-69d624add2dd-852f-19bfd7e-99b1-75f2
Apartemen Dijual di Braga,"Rp 2,20M","Braga, Sumur Bandung, Kota Bandung, Jawa Barat",https://www.lamudi.co.id/jual/jawa-barat/bandung/di-jual-apartement-exclusive-2-br-tipe-residential-175300488223/
Apartemen Dijual di Kelapa Gading,Rp 135Jt,"RW 11, Kelapa Gading Timur, Kelapa Gading, Jakarta Utara, Daerah Khusus Ibukota Jakarta",https://www.lamudi.co.id/properti/41032-73-6b48799d4718-10a5-19e971e-bb28-79e6
Apartemen Dijual di Bumi Serpong Damai,Rp 930Jt,"BSD City, Sampora, Cisauk, Kabupaten Tangerang, Banten",https://www.lamudi.co.id/properti/41032-73-5fb8d09f0606-a551-19cfab0-acb0-7be7
Apartemen Dijual di Kalisari,Rp 410Jt,"Wisma Bhaskara Jaya, RW 02, Kalisari, Mulyorejo, Surabaya, Jawa Timur",https://www.lamudi.co.id/properti/41032-73-28ff81023ad7-3b0-e57b1ee4-8959-47bb
Apartemen Dijual di Penjaringan,"Rp 1,65M","RW 06, Pluit, Penjaringan, Jakarta Utara, Daerah Khusus Ibukota Jakarta",https://www.lamudi.co.id/jual/jakarta/jakarta-utara/apartemen-cbd-pluit-175758828575/
